Data Scientist,DICK'S Sporting Goods,Melville NY 11747,
Data Scientist (All Levels),Noblis,Reston VA 20191 (Hattontown area),
Sr. Data Scientist,Adobe,San Francisco CA 94103 (South Of Market area),
Junior Data Scientist,Augray,Remote in Brookfield WI,
Computational Biologist / Data Scientist,Inceptive,Remote in Palo Alto CA,
Data Scientist - Remote or Hybrid,Hilton Grand Vacations,Remote in Orlando FL,
Data Scientist,Procter & Gamble,Cincinnati OH,
Data Scientist jobs,MNR Solutions,Remote,
Junior Data Scientist L'Oreal Research & Innovation,L'Oreal,Hybrid remote in Clark NJ,
Applied Data Scientist - Ex Machina,C3 AI,Redwood City CA,
Data Scientist,Roche,Carlsbad CA 92008 (North Beach area),
Data Scientist (Hybrid),Baltimore Gas and Electric Company (BGE),Remote,
Data Scientist III,Conde Nast,New York NY,
Data Scientist,Gloo,Hybrid remote in Boulder CO 80302,
Assoc Data Scientist,InterContinental Hotels Group,Atlanta GA,
Associate Data Scientist (Remote),Freenome Holdings,Remote in South San Francisco CA 94080,
Uncapped Games - Data Scientist,Tencent,Los Angeles CA,
Data Scientist Abuse Prevention,Live Nation,Remote in Beverly Hills CA 90210,
Data Scientist,Kyndryl Inc.,Remote in New York NY,
DFC Data Scientist,Lithia Motors Inc.,Medford OR 97501,
Data Scientist/Modeler II,Battelle,Columbus OH 43201 (Dennison Place area),
Data Scientist,Northwestern University,Evanston IL,
Data Scientist III Product Analytics,Expedia Group,Chicago IL 60661 (West Loop Gate area),
Data Scientist - Global Decision Science,Amex,New York NY,
Data Scientist,Deloitte,Rosslyn VA 22209 (Radnor-Ft Myer Heights area),
Data Scientist Analytics - Trust & Safety,TikTok,New York NY,
Senior Data Scientist,Brilliant,Remote in San Francisco CA,
Data Scientist,BICP,San Francisco CA,
Data Scientist,Patrick J McGovern Foundation,Remote,
Data Scientist II - Bethesda MD,Radian,Remote in Maryland,
Marketing Data Scientist,SimpliSafe,Boston MA,
Data Scientist,Cognizant,Chicago IL,
Staff Data Scientist Devoted Medical,Devoted Health,Remote,
Data Scientist,Steward Health Care,Westwood MA 02090,
Data Scientist,Blue Cross Blue Shield of Massachusetts,Hybrid remote in Boston MA 02199,
Senior Data Scientist,Alo Yoga,Beverly Hills CA 90210,
Data Scientist,Great American Custom,Remote in Los Angeles CA,
Data Scientist,Kershner Trading Group,Remote in Austin TX 78758,
Assistant Data Scientist (Genomic) - Epigenetics & Molecular Carcinogenesis (Ting Laboratory),MD Anderson Cancer Center,Remote in Houston TX 77030,
Senior Data Scientist,The College Board,Remote,
Data Scientist,Prescient Edge Federal,Edenton NC 27932,
Data Scientist,Hearst Media Services,New York NY 10019 (Midtown area),
Data Scientist,Pipe Technologies,Remote in San Francisco CA,
Data Scientist (Remote),Improvix Technologies,Remote in Reston VA 20190,
Data Scientist,Federal Reserve Bank of New York,Hybrid remote in New York NY,
Senior Data Scientist,CVS Health,New York NY,
Data Scientist,Columbia University,New York NY,
Senior Data Scientist,Northeastern University,Portland ME 04101 (Downtown area),
Data Scientist I,The Trade Desk,San Jose CA 95113 (Downtown area),
Jr. Data Scientist,Kyla,San Jose CA,
Data Scientist,Keystone Strategy,Boston MA 02116 (Back Bay area),
Data Scientist,Ntropy Network,Remote in New York NY,
Data Scientist - Decision Science - Chase,JPMorgan Chase Bank N.A.,New York NY,
Sr. Data Scientist,Xylem,Morrisville NC 27560,
Statistician/Data Scientist - ISD Analytics,UNC Health,Morrisville NC 27560 (Perimeter Park area),
Associate Data Scientist,Polco,Remote,
Data Scientist - Remote,Anywhere Real Estate Inc,Remote in Madison NJ,
RESEARCH SCIENTIST â€“ GENOMIC DATA SCIENTIST,University of Washington,Seattle WA 98195 (University District area),
Senior Data Scientist - Remote,Anywhere Real Estate Inc,Remote in Madison NJ,
Data Scientist,Teknatio,Remote in Menlo Park CA,
